"number";"player";"team";"apps";"min";"goals";"NPG";"a"
1;"Lautaro Martínez";"Inter";30;2205;17;17;6
2;"Donyell Malen";"Roma";18;1499;14;11;2
3;"Tasos Douvikas";"Como";38;2279;14;13;1
4;"Marcus Thuram";"Inter";29;1933;13;13;6
5;"Rasmus Højlund";"Napoli";33;2784;13;12;5
6;"Nico Paz";"Como";35;2905;12;12;6
7;"Giovanni Simeone";"Torino";32;2273;11;11;0
8;"Keinan Davis";"Udinese";30;2106;10;6;4
9;"Federico Bonazzoli";"Cremonese";35;2571;10;7;1
10;"Scott McTominay";"Napoli";33;2798;10;10;3
11;"Riccardo Orsolini";"Bologna";35;2146;10;6;1
12;"Gianluca Scamacca";"Atalanta";24;1318;10;8;1
13;"Kenan Yildiz";"Juventus";36;2877;10;9;6
14;"Nikola Krstovic";"Atalanta";33;1781;10;10;5
15;"Hakan Calhanoglu";"Inter";22;1674;9;5;4
16;"Andrea Pinamonti";"Sassuolo";36;2610;9;9;3
17;"Rafael Leão";"AC Milan";29;1874;9;7;3
18;"Mateo Pellegrino";"Parma Calcio 1913";37;3012;9;8;1
19;"Moise Kean";"Fiorentina";26;2042;8;6;1
20;"Domenico Berardi";"Sassuolo";26;1995;8;6;4
21;"Christian Pulisic";"AC Milan";30;1612;8;8;4
22;"Nikola Vlasic";"Torino";37;3079;8;3;3
23;"Jamie Vardy";"Cremonese";29;2120;7;7;2
24;"Federico Dimarco";"Inter";35;2709;7;7;16
25;"Christopher Nkunku";"AC Milan";32;1343;7;2;3
26;"Rolando Mandragora";"Fiorentina";34;2470;7;6;3
27;"Armand Lauriente";"Sassuolo";38;2655;7;7;9
28;"Dusan Vlahovic";"Juventus";19;972;7;6;1
29;"Sebastiano Esposito";"Cagliari";36;2751;7;6;5
30;"Lorenzo Colombo";"Genoa";38;2373;7;6;1
31;"Gift Orban";"Verona";28;2055;7;5;2
32;"Santiago Castro";"Bologna";35;2381;7;7;2
33;"Stefano Moreo";"Pisa";37;2336;7;5;1
34;"Francesco Pio Esposito";"Inter";35;1535;7;7;3
35;"Piotr Zielinski";"Inter";34;2048;6;5;3
36;"Adrien Rabiot";"AC Milan";29;2546;6;6;4
37;"Che Adams";"Torino";33;1899;6;6;2
38;"Ruslan Malinovskiy";"Genoa";34;2279;6;3;3
39;"Lucas Da Cunha";"Como";36;2765;6;2;4
40;"Jonathan Christian David";"Juventus";35;1784;6;6;4
41;"Matìas Soulè Malvano";"Roma";33;2207;6;6;5
42;"Cesare Casadei";"Torino";33;1971;6;6;0
43;"Ismaël Koné";"Sassuolo";35;2795;6;6;0
44;"Martin Baturina";"Como";29;1579;6;6;3
45;"Kevin De Bruyne";"Napoli";18;1176;5;2;2
46;"Pedro";"Lazio";29;954;5;3;2
47;"Weston McKennie";"Juventus";36;2857;5;5;5
48;"Nicolo Zaniolo";"Udinese";32;2308;5;5;6
49;"Jens Odgaard";"Bologna";26;1391;5;5;1
50;"Lameck Banda";"Lecce";32;1768;5;5;4
51;"Strahinja Pavlovic";"AC Milan";34;2876;5;5;1
52;"Jurgen Ekkelenkamp";"Udinese";31;2234;5;5;3
53;"Leo Østigard";"Genoa";30;2631;5;5;1
54;"Albert Gudmundsson";"Fiorentina";33;2290;5;2;4
55;"Vitinha";"Genoa";35;2262;5;5;1
56;"Arthur Atta";"Udinese";32;2575;5;5;3
57;"Gennaro Borrelli";"Cagliari";27;1263;5;5;1
58;"Gustav Isaksen";"Lazio";30;1606;5;5;1
59;"Ange-Yoan Bonny";"Inter";33;1112;5;5;4
60;"Wesley";"Roma";30;2474;5;5;0
61;"Henrikh Mkhitaryan";"Inter";30;1547;4;4;1
62;"Federico Bernardeschi";"Bologna";29;1198;4;3;2
63;"Lorenzo Pellegrini";"Roma";24;1508;4;2;2
64;"Jeremie Boga";"Juventus";15;666;4;4;0
65;"Marc-Oliver Kempf";"Como";34;2317;4;4;1
66;"Gianluca Mancini";"Roma";36;3087;4;4;2
67;"Franck Zambo";"Napoli";18;1253;4;4;1
68;"Bremer";"Juventus";26;2187;4;4;3
69;"Roberto Piccoli";"Fiorentina";32;1653;4;4;1
70;"M&#039;Bala Nzola";"Pisa,Sassuolo";30;1514;4;2;1
71;"Matteo Cancellieri";"Lazio";30;1740;4;4;3
72;"Caleb Ekuban";"Genoa";31;944;4;4;1
73;"Kristian Thorstvedt";"Sassuolo";32;2450;4;4;4
74;"Walid Cheddira";"Lecce,Sassuolo";33;1193;4;4;1
75;"Tijjani Noslin";"Lazio";29;1113;4;4;2
76;"Semih Kiliçsoy";"Cagliari";22;973;4;4;0
77;"Nikola Stulic";"Lecce";34;1713;4;3;0
78;"Kieron Bowie";"Verona";14;1211;4;4;0
79;"Alisson Santos";"Napoli";14;836;4;4;0
80;"Filip Kostic";"Juventus";18;461;3;3;1
81;"Ruben Loftus-Cheek";"AC Milan";28;1122;3;3;1
82;"Mario Pasalic";"Atalanta";33;1922;3;3;4
83;"Duván Zapata";"Torino";28;1088;3;3;1
84;"Davide Zappacosta";"Atalanta";35;2605;3;3;3
85;"Danilo Cataldi";"Lazio";27;2007;3;1;3
86;"Nicolò Barella";"Inter";34;2561;3;3;8
87;"Leonardo Spinazzola";"Napoli";32;1906;3;3;3
88;"Christian Kabasele";"Udinese";30;2273;3;3;0
89;"Mattia Zaccagni";"Lazio";26;2127;3;3;0
90;"Lassana Coulibaly";"Lecce";33;2708;3;3;1
91;"Mario Hermoso";"Roma";27;2106;3;3;2
92;"Robin Gosens";"Fiorentina";26;1908;3;3;1
93;"Yann Bisseck";"Inter";23;1924;3;3;1
94;"Oumar Solet";"Udinese";35;2962;3;2;1
95;"Evan Ndicka";"Roma";31;2686;3;3;0
96;"Kephren Thuram";"Juventus";35;2481;3;3;3
97;"Giacomo Raspadori";"Atalanta";13;784;3;3;1
98;"Nicolò Cambiaghi";"Bologna";28;1510;3;3;4
99;"Morten Thorsby";"Cremonese,Genoa";24;1390;3;3;1
100;"Alexis Saelemaekers";"AC Milan";35;2819;3;3;3
101;"Junior Messias";"Genoa";20;655;3;2;1
102;"Adrián Bernabé";"Parma Calcio 1913";32;2542;3;3;1
103;"Tommaso Pobega";"Bologna";26;1446;3;3;1
104;"Giorgio Scalvini";"Atalanta";24;1841;3;3;1
105;"Denzel Dumfries";"Inter";20;1332;3;3;1
106;"Andrea Cambiaso";"Juventus";36;2846;3;3;4
107;"Jonathan Rowe";"Bologna";28;1612;3;3;2
108;"Evan Ferguson";"Roma";16;777;3;3;2
109;"Charles De Ketelaere";"Atalanta";31;2206;3;3;5
110;"Adam Buksa";"Udinese";25;886;3;3;0
111;"Máximo Perrone";"Como";36;2758;3;3;4
112;"Artem Dovbyk";"Roma";14;364;3;3;1
113;"Cher Ndour";"Fiorentina";33;1875;3;3;0
114;"Thomas Thiesson Kristensen";"Udinese";28;2482;3;3;0
115;"Jeff Ekhator";"Genoa";30;930;3;3;0
116;"David Neres";"Napoli";16;932;3;3;3
117;"Francisco Conceição";"Juventus";31;2124;3;3;5
118;"Giovane";"Napoli,Verona";33;1873;3;3;5
119;"Jayden Addai";"Como";12;688;3;3;0
120;"Kenneth Taylor";"Lazio";17;1418;3;3;2
121;"Suat Serdar";"Verona";20;1102;2;2;0
122;"Alberto Moreno";"Como";19;1240;2;2;1
123;"Bryan Cristante";"Roma";37;3116;2;2;1
124;"Andrea Belotti";"Cagliari";8;212;2;1;0
125;"Paulo Dybala";"Roma";22;1360;2;2;6
126;"Matteo Politano";"Napoli";34;2249;2;2;6
127;"Luca Mazzitelli";"Cagliari";18;753;2;2;2
128;"Luka Modric";"AC Milan";34;2827;2;2;3
129;"Ademola Lookman";"Atalanta";12;803;2;2;0
130;"Matteo Guendouzi";"Lazio";16;1434;2;2;1
131;"Guillermo Maripán";"Torino";27;2151;2;2;0
132;"Antonio Caracciolo";"Pisa";35;3077;2;2;0
133;"Mehdi Leris";"Pisa";34;1910;2;2;3
134;"Manuel Akanji";"Inter";33;2814;2;2;0
135;"Yerry Mina";"Cagliari";26;2162;2;2;0
136;"Enrico Del Prato";"Parma Calcio 1913";35;2958;2;2;0
137;"Toma Basic";"Lazio";23;1764;2;2;3
138;"Youssouf Fofana";"AC Milan";33;2231;2;2;3
139;"Giovanni Di Lorenzo";"Napoli";26;2278;2;2;1
140;"Marco Brescianini";"Atalanta,Fiorentina";26;1018;2;2;1
141;"Maxence Caqueret";"Como";30;1493;2;2;6
142;"Nicolo Fagioli";"Fiorentina";33;2588;2;2;3
143;"Kouadio Kone";"Roma";29;2468;2;2;3
144;"Gianluca Gaetano";"Cagliari";33;1920;2;2;4
145;"Kingsley Ehizibue";"Udinese";32;1810;2;2;0
146;"Amir Rrahmani";"Napoli";21;1809;2;2;1
147;"Gabriel Strefezza";"Parma Calcio 1913";14;1026;2;2;2
148;"Daniel Maldini";"Atalanta,Lazio";21;944;2;2;1
149;"Lazar Samardzic";"Atalanta";26;1005;2;2;1
150;"Filippo Terracciano";"Cremonese";36;3023;2;2;0
151;"Mergim Vojvoda";"Como";30;1602;2;2;2
152;"Matteo Tramoni";"Pisa";27;1630;2;1;2
153;"Nicola Zalewski";"Atalanta";33;1917;2;2;4
154;"Kamaldeen Sulemana";"Atalanta";25;993;2;2;1
155;"David Okereke";"Cremonese";10;397;2;2;0
156;"Cristian Volpato";"Sassuolo";24;1060;2;2;4
157;"Éderson";"Atalanta";30;2253;2;1;1
158;"Manor Solomon";"Fiorentina";16;872;2;2;1
159;"Thijs Dallinga";"Bologna";23;785;2;2;2
160;"Federico Baschirotto";"Cremonese";29;2540;2;2;0
161;"Medon Berisha";"Lecce";13;893;2;2;3
162;"Valentín Castellanos";"Lazio";11;697;2;2;3
163;"Federico Gatti";"Juventus";21;1081;2;2;0
164;"Juan Cabal";"Juventus";12;262;2;2;0
165;"Niccolò Pisilli";"Roma";25;1263;2;2;4
166;"Michael Folorunsho";"Cagliari";27;2032;2;2;0
167;"Sam Beukema";"Napoli";24;1675;2;2;0
168;"Giovanni Fabbian";"Bologna,Fiorentina";29;1160;2;2;0
169;"Davide Bartesaghi";"AC Milan";31;2447;2;2;0
170;"Assane Diao";"Como";17;1098;2;2;1
171;"Jacobo Ramón";"Como";32;2744;2;2;0
172;"Martin Frese";"Verona";31;2429;2;2;0
173;"Mattia Felici";"Cagliari";12;397;2;2;1
174;"Henrik Meister";"Pisa";28;1494;2;2;0
175;"Alieu Fadera";"Sassuolo";28;959;2;2;1
176;"Jesús Rodriguez";"Como";31;1728;2;2;9
177;"Brooke Norton-Cuffy";"Genoa";27;2221;2;2;1
178;"Tiago Gabriel";"Lecce";37;3223;2;2;0
179;"Konan N’Dri";"Lecce";27;474;2;2;0
180;"Tarik Muharemovic";"Sassuolo";32;2837;2;2;2
181;"Zachary Athekame";"AC Milan";27;804;2;2;2
182;"Riyad Idrissi";"Cagliari";23;737;2;2;0
183;"Rafik Belghali";"Verona";26;1935;2;2;0
184;"Petar Sucic";"Inter";34;1763;2;2;2
185;"Omri Gandelman";"Lecce";19;971;2;2;1
186;"Nesta Elphege";"Parma Calcio 1913";9;297;2;2;1
187;"Paul Mendy";"Cagliari";9;326;2;2;0
188;"Ulisses García";"Sassuolo";13;941;1;1;2
189;"Romelu Lukaku";"Napoli";5;33;1;1;0
190;"Nemanja Matic";"Sassuolo";34;2686;1;1;1
191;"Juan Cuadrado";"Pisa";19;460;1;0;0
192;"Leonardo Pavoletti";"Cagliari";13;193;1;1;1
193;"Manuel Locatelli";"Juventus";36;3031;1;1;2
194;"Stephan El Shaarawy";"Roma";20;623;1;1;2
195;"Matías Vecino";"Lazio";13;592;1;1;1
196;"Remo Freuler";"Bologna";29;2236;1;1;2
197;"Roberto Gagliardini";"Verona";29;2212;1;1;0
198;"Manuel De Luca";"Cremonese";2;10;1;0;0
199;"Sebastiano Luperto";"Cagliari,Cremonese";34;3024;1;1;1
200;"Marten de Roon";"Atalanta";34;2720;1;1;2
201;"Franco Vázquez";"Cremonese";15;485;1;1;1
202;"Antonio Sanabria";"Cremonese";25;921;1;1;1
203;"Jean-Daniel Akpa-Akpro";"Verona";22;1531;1;1;0
204;"Patrick Cutrone";"Parma Calcio 1913";15;908;1;1;0
205;"Alessandro Bastoni";"Inter";28;2269;1;1;4
206;"Luca Pellegrini";"Lazio";24;1485;1;1;0
207;"Aarón Martín";"Genoa";33;2167;1;1;5
208;"Estupiñán";"AC Milan";19;1045;1;1;1
209;"Stefan Posch";"Como";14;362;1;1;0
210;"Diego Carlos";"Como";27;1946;1;1;0
211;"Niclas Füllkrug";"AC Milan";20;626;1;1;0
212;"Stanislav Lobotka";"Napoli";32;2442;1;1;1
213;"Adam Marusic";"Lazio";33;2794;1;1;2
214;"Antoine Bernede";"Verona";32;2349;1;1;2
215;"Riccardo Sottil";"Lecce";21;1078;1;1;2
216;"Luca Ranieri";"Fiorentina";34;2489;1;1;0
217;"Ndary Adopo";"Cagliari";38;3074;1;1;2
218;"Mehmet Zeki Çelik";"Roma";34;2747;1;1;2
219;"Boulaye Dia";"Lazio";27;1257;1;1;2
220;"Juan Miranda";"Bologna";32;2576;1;1;3
221;"Samuele Ricci";"AC Milan";31;1273;1;1;4
222;"Eljif Elmas";"Napoli";33;1791;1;1;3
223;"Billy Gilmour";"Napoli";17;798;1;1;0
224;"Lloyd Kelly";"Juventus";35;2997;1;1;1
225;"Pierre Kalulu Kyatengwa";"Juventus";37;3281;1;1;4
226;"Miguel Gutiérrez";"Napoli";28;1478;1;1;1
227;"Rafael Obrador";"Torino";16;1135;1;1;3
228;"Nikola Moro";"Bologna";30;1784;1;1;0
229;"Jack Harrison";"Fiorentina";15;983;1;1;3
230;"Yunus Musah";"AC Milan,Atalanta";20;623;1;1;0
231;"Luis Henrique";"Inter";30;1617;1;1;2
232;"Andy Diouf";"Inter";19;462;1;1;0
233;"Odilon Kossounou";"Atalanta";19;981;1;1;0
234;"Simone Canestrelli";"Pisa";37;3200;1;1;0
235;"Alessandro Zanoli";"Udinese";19;1314;1;1;2
236;"Dennis Johnsen";"Cremonese";11;390;1;1;1
237;"Youssef Maleh";"Cremonese,Lecce";23;1574;1;1;0
238;"Fabiano Parisi";"Fiorentina";23;1550;1;1;1
239;"Tommaso Baldanzi";"Genoa,Roma";18;787;1;1;2
240;"Koni de Winter";"AC Milan";26;1797;1;1;1
241;"Fabio Miretti";"Juventus";23;585;1;1;2
242;"Johan Vásquez";"Genoa";36;3219;1;1;0
243;"Abdou Harroui";"Verona";23;908;1;0;0
244;"Iker Bravo";"Udinese";8;199;1;1;0
245;"Antonio Vergara";"Napoli";12;625;1;1;2
246;"Morten Frendrup";"Genoa";36;3093;1;1;0
247;"Michel Aebischer";"Pisa";35;2911;1;1;2
248;"Loïs Openda";"Juventus";24;631;1;1;0
249;"Carlos Augusto";"Inter";34;1745;1;1;1
250;"Emirhan Ilkhan";"Torino";19;1028;1;1;2
251;"Dodô";"Fiorentina";36;3158;1;1;2
252;"Emil Holm";"Bologna,Juventus";18;891;1;1;4
253;"Mikael Ellertsson";"Genoa";36;2770;1;1;1
254;"Sulemana";"Bologna,Cagliari";19;866;1;1;0
255;"Jhon Lucumí";"Bologna";29;2282;1;1;0
256;"Lewis Ferguson";"Bologna";27;1576;1;1;0
257;"Isak Hien";"Atalanta";28;1951;1;1;0
258;"Cyril Ngonge";"Torino";20;987;1;1;1
259;"Marco Palestra";"Cagliari";37;3087;1;1;4
260;"Saúl Coco";"Torino";35;3093;1;1;1
261;"Pietro Comuzzo";"Fiorentina";27;1697;1;1;0
262;"Lorenzo Lucca";"Napoli";16;381;1;1;0
263;"Ylber Ramadani";"Lecce";37;3236;1;1;0
264;"Gaetano Oristanio";"Parma Calcio 1913";20;853;1;1;0
265;"Matteo Prati";"Cagliari,Torino";33;1893;1;1;1
266;"Marcus Pedersen";"Torino";29;2148;1;1;2
267;"Martín Payero";"Cremonese";25;1469;1;1;0
268;"Neil El Aynaoui";"Roma";25;958;1;1;2
269;"Francesco Camarda";"Lecce";21;671;1;1;0
270;"Santiago Pierotti";"Lecce";37;2661;1;1;2
271;"Alieu Njie";"Torino";15;266;1;1;1
272;"Alessandro Circati";"Parma Calcio 1913";31;2667;1;1;0
273;"Álex Valle";"Como";28;2028;1;1;4
274;"Jesper Karlström";"Udinese";36;3164;1;1;0
275;"Fisayo Dele-Bashiru";"Lazio";24;1159;1;1;0
276;"Vasilije Adzic";"Juventus";10;142;1;1;0
277;"Mandela Keita";"Parma Calcio 1913";37;3016;1;1;1
278;"Adrian Benedyczak";"Parma Calcio 1913";14;476;1;0;1
279;"Robinio Vaz";"Roma";12;184;1;1;0
280;"Devyne Rensch";"Roma";24;1180;1;1;4
281;"Idrissa Gueye";"Udinese";19;368;1;1;0
282;"Jamil Siebert";"Lecce";21;1701;1;1;0
283;"Noa Lang";"Napoli";18;645;1;1;2
284;"Jari Vandeputte";"Cremonese";32;1977;1;1;5
285;"Francesco Folino";"Cremonese";18;690;1;1;0
286;"Nicolas Kühn";"Como";23;643;1;1;1
287;"Idrissa Touré";"Pisa";32;2283;1;1;0
288;"João Mário";"Bologna,Juventus";20;1003;1;1;0
289;"Christian Ordóñez";"Parma Calcio 1913";28;1076;1;1;0
290;"Oliver Sørensen";"Parma Calcio 1913";34;1834;1;1;1
291;"Jakub Piotrowski";"Udinese";33;1702;1;1;1
292;"Edoardo Iannoni";"Sassuolo";15;230;1;1;0
293;"Mariano Troilo";"Parma Calcio 1913";21;1631;1;1;0
294;"Lorran";"Pisa";9;95;1;1;0
295;"Juan Rodríguez";"Cagliari";17;1327;1;1;0
296;"Yael Trepy";"Cagliari";8;68;1;1;0
297;"Rafiu Durosinmi";"Pisa";12;428;1;1;1
298;"Felipe Loyola";"Pisa";11;541;1;1;0
299;"Yann Sommer";"Inter";33;2962;0;0;0
300;"Sead Kolasinac";"Atalanta";19;1233;0;0;0
301;"David de Gea";"Fiorentina";37;3330;0;0;0
302;"Matteo Darmian";"Inter";6;241;0;0;0
303;"Fikayo Tomori";"AC Milan";33;2572;0;0;2
304;"Angelino";"Roma";7;427;0;0;0
305;"Mattia Perin";"Juventus";9;766;0;0;0
306;"Alessio Romagnoli";"Lazio";32;2670;0;0;0
307;"Simone Scuffet";"Pisa";7;630;0;0;0
308;"Cristiano Biraghi";"Torino";14;497;0;0;0
309;"Lorenzo De Silvestri";"Bologna";12;499;0;0;0
310;"Daniele Padelli";"Udinese";2;180;0;0;0
311;"Patric";"Lazio";14;657;0;0;0
312;"Ciro Immobile";"Bologna";6;185;0;0;0
313;"Juan Jesus";"Napoli";24;1670;0;0;0
314;"Edin Dzeko";"Fiorentina";11;220;0;0;0
315;"Edoardo Goldaniga";"Como";2;12;0;0;0
316;"Giuseppe Pezzella";"Cremonese";31;2599;0;0;1
317;"Daniele Rugani";"Fiorentina,Juventus";12;577;0;0;0
318;"Emil Audero";"Cremonese";34;3060;0;0;0
319;"Lukasz Skorupski";"Bologna";19;1594;0;0;0
320;"Federico Ceccherini";"Cremonese";9;475;0;0;1
321;"Elseid Hysaj";"Lazio";5;166;0;0;0
322;"Luca Lezzerini";"Fiorentina";1;3;0;0;0
323;"Adam Masina";"Torino";5;224;0;0;1
324;"Pol Lirola";"Verona";6;310;0;0;0
325;"Francesco Acerbi";"Inter";18;1380;0;0;1
326;"Marco Sportiello";"Atalanta";1;90;0;0;0
327;"Alberto Grassi";"Cremonese";30;1758;0;0;0
328;"Stefan de Vrij";"Inter";11;675;0;0;0
329;"Federico Ravaglia";"Bologna";17;1468;0;0;0
330;"Arkadiusz Milik";"Juventus";2;33;0;0;0
331;"Raúl Albiol";"Pisa";8;494;0;0;1
332;"Alessandro Deiola";"Cagliari";20;1444;0;0;2
333;"Álvaro Morata";"Como";26;917;0;0;1
334;"Matteo Bianchetti";"Cremonese";27;2222;0;0;2
335;"Nicola Leali";"Genoa";22;1843;0;0;0
336;"Alex Meret";"Napoli";11;982;0;0;1
337;"Stefano Sabelli";"Genoa";16;930;0;0;0
338;"Daniele Sommariva";"Genoa";2;176;0;0;0
339;"Berat Gjimshiti";"Atalanta";34;2522;0;0;0
340;"Nicholas Pierini";"Sassuolo";11;116;0;0;0
341;"Filippo Romagna";"Sassuolo";5;319;0;0;0
342;"Sergi Roberto";"Como";20;507;0;0;0
343;"Maxwel Cornet";"Genoa";8;110;0;0;0
344;"Benjamin Pavard";"Inter";1;90;0;0;0
345;"Hassane Kamara";"Udinese";26;1883;0;0;2
346;"Mike Maignan";"AC Milan";37;3296;0;0;0
347;"Milan Djuric";"Cremonese,Parma Calcio 1913";23;411;0;0;1
348;"Nikita Contini";"Napoli";1;8;0;0;0
349;"Arturo Calabresi";"Pisa";26;1536;0;0;0
350;"Alessio Zerbin";"Cremonese";32;1643;0;0;3
351;"Matteo Gabbia";"AC Milan";30;2531;0;0;0
352;"Grigoris Kastanos";"Verona";6;31;0;0;0
353;"Davide Frattesi";"Inter";22;523;0;0;0
354;"Wladimiro Falcone";"Lecce";38;3420;0;0;0
355;"Marius Marin";"Pisa";23;1307;0;0;0
356;"Alessandro Buongiorno";"Napoli";33;2526;0;0;1
357;"Leon Bailey";"Roma";7;184;0;0;0
358;"Hernani";"Parma Calcio 1913";4;58;0;0;0
359;"Jean Butez";"Como";38;3420;0;0;1
360;"Adrien Tameze";"Torino";24;1110;0;0;0
361;"Nícolas";"Pisa";6;540;0;0;0
362;"Marco Silvestri";"Cremonese";4;360;0;0;0
363;"Unai Núñez";"Verona";17;1263;0;0;0
364;"Vanja Milinkovic-Savic";"Napoli";27;2430;0;0;1
365;"Manuel Lazzari";"Lazio";23;917;0;0;0
366;"Abdelhamid Sabiri";"Fiorentina";1;24;0;0;0
367;"Valentino Lazaro";"Torino";31;2273;0;0;2
368;"Mathías Olivera";"Napoli";25;1370;0;0;0
369;"Raoul Bellanova";"Atalanta";24;1374;0;0;1
370;"Charalampos Lykogiannis";"Bologna";10;627;0;0;1
371;"Adrian Semper";"Pisa";25;2250;0;0;0
372;"Pietro Terracciano";"AC Milan";2;124;0;0;0
373;"Ivan Provedel";"Lazio";27;2430;0;0;0
374;"Arijanet Muric";"Sassuolo";32;2880;0;0;0
375;"Nicolás González";"Juventus";2;14;0;0;0
376;"Elia Caprile";"Cagliari";38;3420;0;0;0
377;"Christian Kouamé";"Fiorentina";2;16;0;0;0
378;"Samuel Chukwueze";"AC Milan";1;23;0;0;0
379;"Nicolo Rovella";"Lazio";11;510;0;0;1
380;"Hans Nicolussi Caviglia";"Fiorentina,Parma Calcio 1913";26;1456;0;0;4
381;"Alessio Furlanetto";"Lazio";2;180;0;0;0
382;"Andrea Ghion";"Sassuolo";1;7;0;0;0
383;"Domagoj Bradaric";"Verona";29;1976;0;0;1
384;"Cheikh Niasse";"Verona";20;973;0;0;1
385;"Antonino Gallo";"Lecce";37;3063;0;0;4
386;"Sebastian Walukiewicz";"Sassuolo";34;2871;0;0;1
387;"Stefano Turati";"Sassuolo";6;535;0;0;0
388;"Niels Nkounkou";"Torino";11;340;0;0;1
389;"Tariq Lamptey";"Fiorentina";2;22;0;0;0
390;"Balthazar Pierret";"Lecce";3;20;0;0;0
391;"Edoardo Corvi";"Parma Calcio 1913";17;1530;0;0;0
392;"Marin Pongracic";"Fiorentina";35;2923;0;0;0
393;"Mitchel Bakker";"Atalanta";1;7;0;0;0
394;"Razvan Sava";"Udinese";7;620;0;0;0
395;"Maduka Okoye";"Udinese";30;2616;0;0;0
396;"Jean Onana";"Genoa";3;36;0;0;0
397;"Pablo Marí";"Fiorentina";11;810;0;0;0
398;"Faustino Anjorin";"Torino";15;258;0;0;0
399;"Enzo Ebosse";"Torino,Verona";17;1342;0;0;1
400;"Oier Zarraga";"Udinese";24;427;0;0;0
401;"Ivan Ilic";"Torino";8;414;0;0;0
402;"Nicolò Casale";"Bologna";12;672;0;0;0
403;"Konstantinos Tsimikas";"Roma";18;617;0;0;0
404;"Gabriele Zappa";"Cagliari";31;1583;0;0;3
405;"Marco Carnesecchi";"Atalanta";37;3330;0;0;0
406;"Lorenzo Montipò";"Verona";35;3150;0;0;1
407;"Tete Morente";"Lecce";16;859;0;0;0
408;"Lautaro Valenti";"Parma Calcio 1913";27;2255;0;0;0
409;"Simon Sohm";"Bologna,Fiorentina";28;1447;0;0;1
410;"Filippo Rinaldi";"Parma Calcio 1913";1;90;0;0;0
411;"Alberto Paleari";"Torino";29;2610;0;0;0
412;"Josep Martínez";"Inter";5;450;0;0;0
413;"Franco Ezequiel Carboni";"Parma Calcio 1913";7;106;0;0;0
414;"Pontus Almqvist";"Parma Calcio 1913";13;442;0;0;1
415;"Nahuel Estévez";"Parma Calcio 1913";32;1001;0;0;1
416;"Ardian Ismajli";"Torino";25;1907;0;0;1
417;"Alessandro Di Pardo";"Cagliari";3;50;0;0;0
418;"Franco Israel";"Torino";9;810;0;0;0
419;"Niakhate Ndiaye";"Parma Calcio 1913";11;786;0;0;0
420;"Nicolò Bertola";"Udinese";28;1756;0;0;1
421;"Nuno Tavares";"Lazio";23;1478;0;0;0
422;"Armel Bella Kotchap";"Verona";19;1347;0;0;0
423;"Kristjan Asllani";"Torino";15;1145;0;0;0
424;"Mattia Viti";"Fiorentina";10;231;0;0;0
425;"Nadir Zortea";"Bologna";32;1776;0;0;2
426;"Nicolò Cavuoti";"Cagliari";4;34;0;0;0
427;"Pasquale Mazzocchi";"Napoli";16;288;0;0;1
428;"Calvin Stengs";"Pisa";4;36;0;0;0
429;"Aster Vranckx";"Sassuolo";16;693;0;0;0
430;"Teun Koopmeiners";"Juventus";33;1803;0;0;0
431;"Oliver Christensen";"Fiorentina";1;87;0;0;0
432;"Jeremy Sarmiento";"Cremonese";7;127;0;0;0
433;"Adam Obert";"Cagliari";35;2813;0;0;3
434;"Romano Floriani";"Cremonese";28;1156;0;0;1
435;"Bryan Zaragoza";"Roma";4;140;0;0;1
436;"Gioele Zacchi";"Sassuolo";1;5;0;0;0
437;"Sadik Fofana";"Lecce";5;80;0;0;0
438;"Jacopo Fazzini";"Fiorentina";20;562;0;0;0
439;"Edon Zhegrova";"Juventus";19;330;0;0;0
440;"Samuele Angori";"Pisa";35;2619;0;0;2
441;"Zito";"Cagliari";12;304;0;0;0
442;"Fali Candé";"Sassuolo";12;509;0;0;0
443;"Giovanni Bonfanti";"Pisa";9;501;0;0;0
444;"Giuseppe Ambrosino";"Napoli";3;31;0;0;0
445;"Jesús Santiago";"Verona";2;2;0;0;0
446;"Mario Gila";"Lazio";31;2498;0;0;0
447;"Samuel Iling-Junior";"Pisa";5;104;0;0;0
448;"Jordan Zemura";"Udinese";17;1119;0;0;1
449;"Zakaria Aboukhlal";"Torino";15;500;0;0;0
450;"Sandi Lovric";"Udinese,Verona";14;505;0;0;1
451;"Michele Di Gregorio";"Juventus";30;2654;0;0;0
452;"Warren Bondo";"Cremonese";27;1788;0;0;0
453;"Thórir Helgason";"Lecce";8;129;0;0;0
454;"Alex Sala";"Lecce";9;148;0;0;1
455;"Mile Svilar";"Roma";38;3420;0;0;0
456;"Simone Perilli";"Verona";3;270;0;0;0
457;"Josh Doig";"Sassuolo";30;1924;0;0;0
458;"Emanuele Valeri";"Parma Calcio 1913";34;2637;0;0;2
459;"Reda Belahyane";"Lazio";13;601;0;0;2
460;"Valentín Carboni";"Genoa";12;345;0;0;0
461;"Tommaso Barbieri";"Cremonese";29;1696;0;0;1
462;"Gvidas Gineitis";"Torino";29;1778;0;0;1
463;"Ali Dembélé";"Torino";2;15;0;0;0
464;"Amin Sarr";"Verona";34;1046;0;0;1
465;"Lorenzo Bernasconi";"Atalanta";23;1570;0;0;3
466;"David Odogu";"AC Milan";2;3;0;0;0
467;"Ebenezer Akinsanmiro";"Pisa";24;1441;0;0;1
468;"Amir Richardson";"Fiorentina";2;35;0;0;0
469;"Luca Marianucci";"Napoli,Torino";12;688;0;0;1
470;"Raffaele Di Gennaro";"Inter";1;8;0;0;0
471;"Filip Stojilkovic";"Pisa";13;660;0;0;0
472;"Luca Lipani";"Sassuolo";24;1011;0;0;1
473;"Daniel Boloca";"Sassuolo";2;137;0;0;0
474;"Mohamed Kaba";"Lecce";15;614;0;0;0
475;"Alberto Dossena";"Cagliari";12;850;0;0;1
476;"Mateus Lusuardi";"Pisa";3;202;0;0;0
477;"Seydou Fini";"Genoa";1;30;0;0;0
478;"Tomás Suslov";"Verona";11;441;0;0;0
479;"Alejandro Jiménez";"AC Milan";1;42;0;0;0
480;"Saba Goglichidze";"Udinese";8;418;0;0;0
481;"Faris Moumbagna";"Cremonese";5;72;0;0;0
482;"Mikayil Faye";"Cremonese";8;238;0;0;0
483;"Darryl Bakola";"Sassuolo";6;116;0;0;1
484;"Niccolò Fortini";"Fiorentina";16;488;0;0;0
485;"Matteo Palma";"Udinese";5;109;0;0;0
486;"Junior Ajayi";"Verona";1;1;0;0;0
487;"Gaël Lafont";"Genoa";1;6;0;0;0
488;"Patrizio Masini";"Genoa";28;1379;0;0;1
489;"Honest Ahanor";"Atalanta";22;1368;0;0;0
490;"Zion Suzuki";"Parma Calcio 1913";20;1800;0;0;0
491;"Woyo Coulibaly";"Sassuolo";20;1023;0;0;0
492;"Daniel Mikolajewski";"Parma Calcio 1913";3;68;0;0;0
493;"Daniel Mosquera";"Verona";22;565;0;0;2
494;"Daniele Ghilardi";"Roma";23;1070;0;0;0
495;"Albert Grønbæk";"Genoa";4;96;0;0;0
496;"Kialonda Gaspar";"Lecce";23;1827;0;0;0
497;"Dominic Vavassori";"Atalanta";1;9;0;0;0
498;"Alessandro Marcandalli";"Genoa";32;2597;0;0;2
499;"Jay Idzes";"Sassuolo";35;3065;0;0;0
500;"Gaby Jean";"Lecce";7;180;0;0;0
501;"Eddy Kouadio";"Fiorentina";3;62;0;0;0
502;"Ignace Van der Brempt";"Como";20;915;0;0;1
503;"Benjamín Domínguez";"Bologna";15;553;0;0;3
504;"Rui Modesto";"Udinese";3;113;0;0;1
505;"Massimo Pessina";"Bologna";4;353;0;0;0
506;"Nicolás Valentini";"Verona";21;1400;0;0;0
507;"Mathias Løvik";"Parma Calcio 1913";9;480;0;0;0
508;"Luka Topalovic";"Inter";1;7;0;0;1
509;"Alessandro Romano";"Roma";2;5;0;0;0
510;"Lorenzo Venturino";"Genoa,Roma";12;224;0;0;0
511;"Jacob Ondrejka";"Parma Calcio 1913";16;768;0;0;0
512;"Danilo Veiga";"Lecce";36;3026;0;0;1
513;"Daniel Oyegoke";"Verona";15;597;0;0;0
514;"Al Musrati";"Verona";18;832;0;0;1
515;"Ivan Smolcic";"Como";28;1685;0;0;1
516;"Oliver Provstgaard";"Lazio";26;1515;0;0;0
517;"Victor Nelsson";"Verona";38;3316;0;0;0
518;"Santiago Giménez";"AC Milan";16;905;0;0;1
519;"Sebastian Otoa";"Genoa";13;829;0;0;0
520;"Tobias Slotsager";"Verona";8;435;0;0;0
521;"Abdoulaye Camara";"Udinese";1;9;0;0;0
522;"Matteo Cocchi";"Inter";1;14;0;0;0
523;"Filippo Carbone";"Genoa";1;6;0;0;0
524;"Joi Nuredini";"Genoa";1;1;0;0;0
525;"Nicolae Stanciu";"Genoa";4;181;0;0;0
526;"Owen Kouassi";"Lecce";4;231;0;0;0
527;"Corrie Ndaba";"Lecce";14;533;0;0;0
528;"Matías Pérez";"Lecce";1;31;0;0;0
529;"Olaf Gorter";"Lecce";2;27;0;0;0
530;"Luca Moro";"Sassuolo";14;181;0;0;0
531;"Martin Vitík";"Bologna";19;1320;0;0;0
532;"Torbjørn Heggem";"Bologna";27;2109;0;0;0
533;"Ardon Jashari";"AC Milan";14;703;0;0;1
534;"Michele Collocolo";"Cremonese";8;353;0;0;0
535;"Dachi Lordkipanidze";"Cremonese";1;27;0;0;0
536;"Riccardo Braschi";"Fiorentina";2;105;0;0;0
537;"Daniel Denoon";"Pisa";2;126;0;0;0
538;"Gabriele Piccinini";"Pisa";25;825;0;0;0
539;"Malthe Højholt";"Pisa";17;857;0;0;0
540;"Louis Buffon";"Pisa";4;24;0;0;0
541;"Tjas Begic";"Parma Calcio 1913";1;1;0;0;0
542;"Vakoun Bayo";"Udinese";15;432;0;0;2
543;"Lennon Miller";"Udinese";24;985;0;0;2
544;"Fallou Cham";"Verona";6;225;0;0;0
545;"Cheveyo Mul";"AC Milan";2;2;0;0;0
546;"Sascha Britschgi";"Parma Calcio 1913";29;2103;0;0;2
547;"Antonio Arena";"Roma";2;19;0;0;0
548;"Ioan Vermesan";"Verona";6;66;0;0;0
549;"Zé Pedro";"Cagliari";23;1723;0;0;1
550;"Joseph Liteta";"Cagliari";4;277;0;0;0
551;"Benjamín Cremaschi";"Parma Calcio 1913";8;122;0;0;0
552;"Jan Ziólkowski";"Roma";18;500;0;0;0
553;"Tomás Esteves";"Pisa";1;11;0;0;0
554;"Isak Vural";"Pisa";15;752;0;0;0
555;"Cas Odenthal";"Sassuolo";1;1;0;0;0
556;"Laurs Skjellerup";"Sassuolo";1;8;0;0;0
557;"Pedro Felipe";"Sassuolo";3;125;0;0;1
558;"Francesco Coppola";"Pisa";7;454;0;0;0
559;"Alessandro Cardinali";"Parma Calcio 1913";1;42;0;0;0
560;"Andréa Le Borgne";"Como";1;1;0;0;0
561;"Mattia Mosconi";"Inter";2;24;0;0;0
562;"Matteo Lavelli";"Inter";1;6;0;0;0
563;"Christian Frangella";"Sassuolo";1;1;0;0;0
564;"Tommaso Macchioni";"Sassuolo";1;90;0;0;0
565;"Brando Bettazzi";"Pisa";1;12;0;0;0
566;"Petar Ratkov";"Lazio";8;228;0;0;0
567;"Oumar Ngom";"Lecce";15;847;0;0;0
568;"Isaac";"Verona";3;31;0;0;0
569;"Rosen Bozhinov";"Pisa";9;619;0;0;0
570;"Luís Balbo";"Fiorentina";6;207;0;0;0
571;"Justin Bijlow";"Genoa";16;1399;0;0;0
572;"Nils Zätterström";"Genoa";3;181;0;0;0
573;"Eivind Helland";"Bologna";6;497;0;0;0
574;"Juan Arizala";"Udinese";10;173;0;0;0
575;"Edoardo Motta";"Lazio";9;810;0;0;0
576;"Agustín Albarracín";"Cagliari";2;23;0;0;0
577;"Sandro Kulenovic";"Torino";13;284;0;0;1
578;"Andrias Edmundsson";"Verona";15;1322;0;0;0
579;"Alex Amorim";"Genoa";11;554;0;0;0
580;"Branimir Mlacic";"Udinese";7;159;0;0;0
581;"Adrian Przyborek";"Lazio";1;7;0;0;0
582;"Othniël Raterink";"Cagliari";1;4;0;0;0
583;"Mamedi Doucouré";"Genoa";1;7;0;0;0
584;"Jacopo Grossi";"Genoa";1;20;0;0;0
585;"Wedtoin Ouedraogo";"Genoa";2;47;0;0;0
586;"Simone Lottici Tessadri";"Cremonese";1;1;0;0;0
